u,d,y
1.7355245696997859,0.1,1.063492906692934
-6.517300053574159,-0.34408811777207193,2.500777264380822
-7.21723055134483,-1.0079935489597514,2.52646780591986
-2.9714997288260276,-1.178885367570999,1.1536266326386546
1.961709884041625,0.9326576296568716,0.9331693045191198
5.451093707795673,3.7170123554209016,1.331401175104966
10.147765721937002,1.909300063040562,3.0260602575413027
-9.022759589219042,-0.7953501865213146,2.999752329707996
-2.1013914983962807,-2.5227972644123136,0.8970144136258619
-0.30440314299966964,-1.73943661070527,1.0118361042125747
8.481725061373652,0.6569363278577565,2.908867692172785
-1.929010550572242,1.159192683849701,1.5226199238432185
-6.76394430984859,1.2157706909393682,2.913482033142024
3.553450799851589,2.806213028098976,1.0072599011899364
5.622757601773282,0.6776616126264732,2.1638390064307433
4.759085523268938,2.7753554600459434,1.3205599339799172
-0.48989989741764184,4.025155020006604,2.003566241068983
-0.03439613448152157,3.946961428992165,1.8421241815079594
8.781790918128719,4.127451550943166,2.2274571471810636
4.9820894629240735,3.6339903765496446,1.2210525772691556
10.787606019016787,0.9437002743486551,3.324888503836358
2.070560813525683,1.3183251637521218,0.8962324560255017
-1.9875677307066306,1.0021602841817656,1.4902877466074413
-7.9223612362215565,-0.8861006821258235,2.7309313816975385
5.494285030805006,1.845837047611631,1.8018105995493148
1.4894750898221392,3.7293076226664814,1.3138884817416074
6.269292282424724,4.070798919274575,1.497737768248884
-2.2756601098818283,5.443900260921704,2.8444630236895705
0.4554642394373891,6.053488988631463,2.3468104521031443
5.132137592279874,6.387310545922256,1.364786062798068
9.333945121027543,5.3932354174657196,2.109636123670702
3.916852718988518,3.584804985854726,1.0240167480228992
5.994341156015862,3.550292413607099,1.5257057303966413
7.119582553886419,1.8294738808508422,2.3017059403164786
1.2029090912281282,0.5560088419649383,0.8456973039803954
1.254717222412249,-0.13243215366819494,0.9886801793417036
-3.025032626519914,-0.8755108291844645,1.2531335182875922
0.3348975984362852,-1.1972781364969205,1.0254576997325688
2.548798492729196,-0.2378358231216665,1.4324099923790536
2.7232978298700923,-1.1527658451302047,1.7875300198870463
-3.0058784038185054,-0.7832984867835959,1.273290198685522
-3.534955678943712,-2.0039692391396295,1.1271416113340464
-8.265671230563408,-1.7750883637411992,2.619883888548584
2.091737803299357,-0.8638431381948626,1.4800091123827128
-1.7197773708646062,0.35924267894570816,1.1918401264915723
-4.8684536083626675,-1.28863759582832,1.7538693140962611
-8.07711804312543,-5.790789483592864,1.69084404929541
-5.3060147308597845,-5.387135755431824,1.2057083806920401
-3.9585061521323808,-5.665046858091454,1.347616369567818
-1.267517739234941,-4.61216644556833,1.674554901122901
-10.409896619438783,-4.416944087196921,2.5931080649875673
-6.253764653662208,-2.2486118902691032,1.9354643549699302
-5.102392137576037,-1.9007427188776063,1.6576798332077345
0.5049809393621274,-0.8299950982593782,0.9710214559544036
-3.0639363753171507,-1.6685946166809793,1.0663497153874735
-7.142824263964045,-2.846539617173418,2.054948154260644
-1.6473571658812627,-3.9210340683142135,1.3340836081857856
-3.50470092151132,-1.9333336376915808,1.1336784755821727
-3.8066705457289802,-1.343846313379964,1.3802002853547244
-0.7459871347331952,-0.7347627103176433,0.795704437092659
-1.4383320569331388,-1.4957689184027751,0.824595537339386
-0.11933481397009471,1.6764944171442258,1.1067596419703691
0.4453517974895771,0.07356017184969654,0.8025815662774383
-3.835377318629218,-0.4252799786622551,1.6644499672640638
-0.8263809900607502,-0.6596293569643715,0.7988925318478635
5.635918308907271,0.5816824597853039,2.193546084482052
-6.558053495278207,-0.5826788383665601,2.4536068776165583
-7.14414441532528,-0.6482170837545617,2.5915553904055186
4.486761617053713,0.08175686478882183,1.9815219004316802
1.6455096267774239,1.5447818780974916,0.8321957822576259
0.22929605646223816,2.5807361458971005,1.2961847940884574
-1.9575313930009441,3.671593364795216,2.3169992335276652
3.648384521619688,1.919807042596621,1.1789892115596932
5.665225297652413,1.5620646262915199,1.9351904482436084
-8.444301250672591,-2.2922180115508493,2.5501327693769835
-7.195977059510913,-1.583225239336262,2.383292207120341
5.116472700525866,0.910052631311336,1.9431529669786338
1.1795993252043893,-0.11791201929823181,0.9655377457366386
4.319342265017258,-1.4281134019436383,2.354792980287848
-8.74608791838539,-2.2845633120662914,2.6281856975702937
-7.175455468630711,-3.622019568205193,1.8743566236926763
-2.855832752179103,-2.3161933750176087,0.9299352169638003
-9.46602473986707,-4.568879940536322,2.318393092876307
-6.900902979803917,-4.981899331137582,1.5099926319579724
-4.73551164492129,-2.965548247810641,1.2726495206391852
-3.9903212865522266,-2.723361333587681,1.113854207093432
-11.08462101380174,-1.819538862658988,3.2315809329178133
-3.665896890020255,-3.42920090231126,0.9974850803750865
-3.844223471583638,-4.817473307586505,1.1572262644661495
-7.808671645994354,-4.351885222468669,1.8961462575821322
4.24920407721004,-2.4517510010178096,2.599131651921768
-1.8284429294521174,-1.345430290958341,0.8557352214858899
-3.792140454252376,-2.2986803999524845,1.138675756544255
-5.432324152048718,-1.5992035297117781,1.8502910825474017
2.8075129888135946,1.1163568542396536,1.1193992666640102
4.528553494326732,0.7171825753973151,1.8084294698600525
0.8470672312511196,0.9329739089174414,0.8009132071746573
-4.380471373011467,1.999843031596968,2.519937562009209
5.2501363479617025,0.5538692731416663,2.085005994456288
-4.744831689978367,-1.0959048173435701,1.768806835128987
3.3297942258672366,0.08788890575547892,1.597028612332297
-3.7541488796754865,-0.627681040201028,1.5747943762602963
9.482010552416964,2.8122931791084405,2.6964380594074098
6.545830566834168,5.906446170480219,1.3472517314937742
3.2044968165599204,4.9398342168078315,1.2837615204216941
-5.96145871409184,3.6026958349005582,3.223582509638878
0.35464871237671325,4.032639203948113,1.7523999896793119
3.0250891425978823,2.6834116301529063,0.935740149402696
7.7953772872865175,1.59465041228168,2.5406585114682567
-1.5513909984536935,1.3630778787846698,1.4627762620687956
-1.6616150679091881,-0.9290605155049185,0.873516343353153
-1.4146863639875962,-1.116071184766781,0.824343795815082
-4.256297603669081,-0.43198763309437793,1.8033883665986028
-1.7129592119737804,-3.8072225226307927,1.2796142391111778
0.08756821531410397,-1.8622837272639754,1.1556290243978833
-1.699711992008919,-2.73073244636634,0.976852464683541
-2.739703727064628,-0.07994833955504443,1.3967700096381412
-1.6082877588793987,-2.3000571551685143,0.9027724124885279
-1.3714859555694061,-3.3313440680817052,1.2165348228593498
-4.257558043965984,-4.02281752745503,1.0624550072796302
-5.098700881157474,-5.527383285149953,1.2146523486702554
-4.3955532744655095,-7.071111176654821,1.6674313564183554
-0.7549351086988141,-9.051295266138057,3.013722636647651
-7.183270703052414,-7.471788872995848,1.4730595403000182
-4.100901933914848,-9.301295485685333,2.3750225861532415
2.2818994654198868,-8.35719574971885,3.429484267963517
-4.868919274513258,-8.280807283020282,1.9218284725425467
-6.2768506812103775,-9.144445991468405,1.8913005964392366
4.210354806356676,-6.292310614314863,3.394974205047669
-9.23127393925688,-4.509633863924886,2.2675422529434335
-9.055488111933077,-6.316775785782275,1.8613236308942263
-10.42312484232183,-7.285750686628109,2.0529519777125236
1.21463631009619,-6.502690132429829,2.854339245968406
-2.366454117121879,-5.976777206807317,1.816248333422713
4.325871956447452,-3.7701952268640526,2.922285256441856
-1.9141670599994636,-1.1870328091194189,0.8847584720785995
-8.720469704155864,-2.7604497313726153,2.5171010060520373
-1.8486515630525484,-5.45543398468088,1.7883804833655856
-4.651767849317143,-5.762478223084399,1.2773241101303339
-0.8184458802301351,-5.726928651006063,2.1570694712851965
-4.7739335232501805,-6.033400993653136,1.324044726120012
1.3188303540665283,-7.351042834903957,3.0610327669013757
1.3305224564275555,-5.378472208902603,2.610845602725756
-3.9993147187593694,-2.410834167785848,1.1742642898878752
-0.5186567350277569,-0.9980732991201509,0.8217640041136091
-2.299194644050046,0.11389996656712142,1.3076718745195455
-3.445300378994525,2.4502871265181905,2.388160066836457
-0.7316650325439578,0.04493535917025637,0.8542182029120465
-3.976443544490664,-2.808208102346543,1.0971286134148677
-3.9834693261642453,-0.8001714939126499,1.6006438073832836
-0.7570210747648836,-1.0747878085317573,0.8121929497029454
1.0706671238448702,0.9007493239425329,0.8065323935431212
5.326314111859498,2.0221892362592886,1.6980638195889621
7.949807524700686,0.4949386581170805,2.8214353501840375
3.036412623083846,2.4007725808356,0.9519216162304343
-0.6121686321745576,4.944785650904215,2.312703202955005
-1.1175095958466557,2.998225946868951,1.866284596413208
6.238875935493791,2.2704334833589592,1.925016404866568
5.003051944348632,2.283754076954852,1.5203147272797022
3.9669727602008598,5.715380930681107,1.3598878313059377
-11.62041688425394,3.3188174205811394,4.072071511232085
8.995416746944652,2.4661388416603636,2.650815349446973
10.538792919761475,3.5309435558317874,2.80039275790211
-2.097319650668517,5.283794185978548,2.7673117201867745
4.573887173419419,8.342706743923689,2.0032929511987336
1.3216008059851054,7.773096780212512,2.59723998133811
5.735837713456448,4.921662858884545,1.251501356064211
2.5409589072640313,5.362647021024907,1.5705296277521534
3.0145992667922465,5.065314447485252,1.3605282545030966
4.888202518225571,4.252857180175249,1.14120852637704
9.867270718222215,5.017374225351988,2.3311671398836045
3.9519507035799846,3.111217725225066,1.0541849312929807
6.63519846581857,1.5977830709751855,2.2209142044695356
3.682509273367446,0.2551331777313719,1.6650279126084917
-1.2660926283157654,-1.3851471695755342,0.8188445940282784
-4.620560070625054,0.2799234201233287,2.126580302423121
-1.9241102169604538,-1.2041183141005318,0.8843867720652503
-1.4516904366206513,-1.260625257284207,0.822743199685467
-13.402083132358158,-1.0560504474042898,3.746925479226254
-7.087392635498178,-1.524914046307014,2.3675348477263403
-2.125349865054652,-3.9159336012120587,1.2121083323009587
-8.650790509759144,-2.2715440742342623,2.6071769346454787
-6.508794461161669,-0.9712359567593856,2.343697369928968
8.99674866396397,0.06898531867893998,3.1329762091301014
3.2897196247200284,1.5302653801261363,1.1632402267331254
1.7572628868720839,0.3609278124311488,1.0029633556004753
-6.667769897762936,-1.2793337585055484,2.310991594610841
-1.2442002020571774,-1.384093797150642,0.8189052777007958
11.0875019709426,0.9607183864314839,3.3770268251610394
1.789262903782394,0.5665533852217617,0.9644319725312533
0.49271999089116836,1.3542034016883817,0.8811581302446253
-10.120439305586514,-2.3354121771159746,2.939013127511237
1.1602522554120407,-2.7043069437884464,1.783658290214489
1.5191733985872897,-1.5232359460281817,1.5058774652095082
-6.223841107876611,-1.2047639983028697,2.20206498574443
-5.036117943324417,-3.857301906919618,1.2036851912797581
-1.0895475154228695,-1.8905270747273826,0.8933267840102147
1.8086126891977656,-3.6148596602123755,2.2596966048702507
-10.414413362774816,-4.0908324683892285,2.6599087191609425
-0.15915708355663494,-3.811891712099439,1.7382450494053212
0.15670368254889322,-3.045316920293741,1.5770631874788035
-0.43912757122694535,-2.073309437020842,1.0732277340505263
-1.0976528158388792,-2.9952127330631324,1.1822616159445085
-3.9795298489585242,-2.3531678300857246,1.1806031699834378
2.424302996927291,-0.04954548929844682,1.329835140542809
0.15043936403460556,-0.8767035889680658,0.9014101801995477
0.15973078263828278,-0.33750843761728494,0.8136693689865094
-2.9204219977890697,-1.5324135453363454,1.0556919457329703
2.4544613125449084,-1.9297232406158538,1.9462052244121857
-5.406835197728901,-0.1041375132948077,2.254172137825865
1.9514069474421565,3.4076304510010846,1.102399549349145
2.696200387261296,2.1676046721625184,0.9164759694576153
3.9328082475874693,1.7533801022199231,1.3096422113432546
1.6051741067322587,1.3675113410886137,0.8314007110914748
6.73567130658645,1.6664317245105704,2.232623318846698
7.50431050857098,0.8125790905570887,2.6447956660774445
-0.7068586493401394,2.5265738046641566,1.5771065977536274
7.699149554940857,3.0544046548454737,2.1683502371064156
-0.9017464235396755,5.536911025158773,2.5473311196937165
6.52658195082137,4.544426219623418,1.4820479284242019
4.044553526375241,3.808598405626031,1.038395947734533
1.8547655449862748,5.814221782399256,1.902331512214654
5.4193596303113925,6.033842047645372,1.2809891855555526
2.0442066265047805,5.696085320364915,1.812741054169642
5.4251673809741146,5.243709939129984,1.206127955209345
-6.612887258102456,2.7369278420152376,3.1863127562657207
4.843150503910071,3.480113580181615,1.2093418989418907
7.652726387891511,2.329971758926324,2.3295692843241325
1.223057948468875,2.2045863393770846,0.9370265439968362
-2.5808260845847144,-1.5285984991997552,0.9706702785852708
-6.965293500827084,0.4445576869208441,2.7939659299732647
1.2843377696780973,0.9012241906668075,0.8235193493705504
-0.37465150194761865,-1.5678753217898882,0.9507785929064387
-1.9808003782839818,-2.8638316139725672,0.9645795951717455
3.3234791146274336,0.7464988836382531,1.3912564718542042
3.5289806208922316,0.4190248467597995,1.5618991365449322
-5.157902441013197,-0.2716801850575642,2.1350701088402557
1.4595429996440894,2.6964645723576766,1.0113323361363749
-0.0206372698002375,4.340202425961227,1.964992759106316
1.357093931564482,4.587297731746975,1.640152522769796
-2.5558276660510266,2.2392908871751773,2.0723333662255916
-5.78073244109042,0.45088272918760497,2.500318415225456
-1.449481135573345,1.2846887004346248,1.401979828771082
2.366156046669177,1.6932844982554593,0.9050370008494274
-7.032633365388781,-1.3000713310646177,2.4073009303856754
1.8711209477352675,-0.968872769713865,1.4394974832138359
-3.707848781951429,-2.2510073303239,1.1248387481346955
2.711066042277202,-1.3549681491506371,1.8477604473546172
-4.298039246809753,-1.6358521939639723,1.4627840956484002
-6.274752795693164,-0.20468754440811066,2.470241159659027
-6.1768556848254175,-0.46765346069239333,2.378090103302554
3.2135511079181573,0.18570686275461612,1.526393968988521
-0.32646808451754517,-1.6018516230950466,0.9699750882473532
-9.331388202789004,-1.4568887531531132,2.9370352376791793
-3.1741392588886157,-2.610428510472473,0.9586214031444
-4.448177396186766,-2.0405920048492834,1.402217394162529
-0.012854493462673755,-2.3741839144540964,1.2933542982445363
-0.36906272754923997,-2.1700055494909396,1.1214694689125457
-4.112477047216248,-3.386279074394377,1.060632809548526
-1.2413895693243948,-5.24450214786997,1.8902372444138202
-2.153133301124743,-6.513249510970631,2.040929251966399
-0.09077182470236211,-5.918386149797324,2.402015478438365
-2.1311354047938478,-3.369035560001425,1.0576728524504748
-3.769564049662147,-2.8991867335884436,1.039624669072641
0.7833909873029894,-3.3579533730872413,1.8791613051097766
-9.043576715385488,-4.473144057255601,2.2238962447080914
2.169930718966011,-2.0334024646720383,1.888770118413997
0.47119770150059814,-2.960078765552587,1.6485439306707002
-4.116289589426322,-2.306570630162654,1.2312024285652956
-3.3964417427757763,0.05037166705714391,1.66319406902738
-1.6843680417436615,-2.2329887098307326,0.8849019301167992
-6.33338736176041,-5.128454347220433,1.353447725786141
-3.9829685033694933,-5.80981396229205,1.3831320537124465
-7.248943760585664,-5.2857367330494185,1.553665420730418
-5.015258710417152,-5.429268022386374,1.202304242182536
0.8735167819856291,-5.988190753680135,2.655099411540922
-0.5543119613639438,-5.184251478353818,2.064637483996856
0.6596816112352095,-4.004913093181486,2.0471198351735627
-0.17527047420210584,-1.3044649513694107,0.9300792296703665
-1.9706229865120628,-0.03514506469420975,1.1539818827457913
-1.9688676583004163,1.1337506761619098,1.5277023651355386
-6.456252301203232,-1.8313737870767044,2.107575368225739
-4.659402709942771,-1.2945350294424673,1.6825250068616107
1.1205660598374052,2.3689640792888236,0.9952632273632899
-0.5609616778873723,2.7185584916729733,1.5952191347332056
1.119424994180293,3.8400885733541545,1.4564065646439466
-0.4493765742149485,4.133959607924051,2.02571739301854
1.6443337690926842,1.7194808187233717,0.8366447621148293
6.390297985178501,2.3962626714313258,1.9393400109423742
2.907663046827139,5.554476942710767,1.5393432623560896
6.072982560868658,2.1614378670037317,1.9016814735062721
-1.7047956385508662,1.2413585701849539,1.4738810819631503
4.697734343439754,1.797732962031366,1.5514817844799547
4.4457732087843596,0.271276994755137,1.9129668675378624
-7.593275483298321,1.224064133203638,3.0926811914020935
4.274770414230788,2.559805907893746,1.2227260377641564
7.02465964235414,2.4506441811948876,2.1189340890370754
1.0181956447290825,3.562351705412297,1.3917893455846486
5.401730687740722,2.275917511280663,1.6536812994699308
-5.3959565469060315,2.0527286119309935,2.7835622399728015
3.9178355771782734,-0.5269453549389007,1.9807317126797828
-6.110805707398816,-0.6491894282161138,2.313360056059471
-5.567763299284651,-0.24536542099777942,2.2632149847756
-7.616799731517527,-0.8688788599090441,2.6601000991527033
4.394188543359071,0.2157100468540556,1.9127190940814565
-4.565960751950719,0.4876856972242194,2.168505283195877
-5.62584341603381,-0.36396708225608054,2.2486206256545875
-6.376412717129753,-3.724392276141775,1.6039447531751203
-2.842183572311397,0.4474361928979449,1.6007586529554885
6.991300274605264,3.502989728384349,1.846472159955045
3.260959355879803,1.5336420926835108,1.1536786039070692
2.4529550399489968,3.504849838747151,1.038727398820108
2.216090037429459,3.412714194953913,1.0539131687890788
7.140354843052566,3.3186524832438398,1.9372015327574499
7.106899077104024,4.531315025506752,1.6499908837908708
5.41560361313289,2.3525885156807282,1.6376379753263248
4.813260839766141,0.3401813978221435,2.0097877431546527
-2.0223922506805962,-0.4908443599025947,1.0450768688513283
5.50689077664532,1.6689763158382127,1.854948849464573
9.487546598768787,1.56331492317869,2.950401227411421
2.5018857423849274,0.24662890399234927,1.2644467217552697
5.930421199431482,-0.8226032874994829,2.6287022396285997
-4.156500745878768,-2.9382376884354935,1.1211686818429543
-3.8687952927928277,1.3976465030291676,2.218002964088018
-0.9451175872474948,-0.08666184355951367,0.8708439079199181
0.7993151062593604,0.5152307744107489,0.8026740357440878
8.740735352428386,1.639616672106858,2.7649365496745593
0.2350766761783003,2.169673166493327,1.1592487993329732
1.1758849610614202,3.0452324331953546,1.1773732818320826
2.641718740017989,2.2252501995522733,0.9059491053868749
-2.9743213487885094,-0.57358861958377,1.3246316591121696
5.491035349778627,0.9188870887514112,2.0580965712165904
11.469636051679709,3.761225283769468,2.963660131695483
7.797310095600894,3.677701905762247,2.048156696613506
4.453478858897131,7.202570863162721,1.694156828842247
7.740831146411891,6.097700143044899,1.5652902144784087
-1.3178561921060634,3.8238059199219787,2.182225308816111
-0.022058078390286617,3.509989785798678,1.6927750620797812
7.030809370104695,2.600544608564332,2.0829958478617363
-2.490821667108097,1.8753203282283852,1.9407010599389183
-3.569583659586441,3.173048953738004,2.607226771366472
2.6291937744602407,3.2554935217423973,0.9701734581052004
8.24226890067689,2.7529631518579016,2.3920705659617645
-3.3843631885729812,-0.595601299905578,1.4578573343315147
-2.253290588924549,1.5173194517015527,1.7498666476799754
-5.10418387732571,2.396212303882463,2.793087222677651
0.991748323735341,0.917944559839176,0.8028419501024331
-1.4568245906589972,-0.5427371443831005,0.8931920880175771
2.670694148242892,-0.696237780837559,1.6227659415492852
-2.6482243775471996,-5.405809096449463,1.5568356997381805
-7.271159115564167,-3.2706101458808536,1.9887548903783734
-1.1940634068179103,-2.1965270729272435,0.9401002898151984
2.173580722251887,-2.918190786258421,2.1611508403549298
-3.930697980620383,-5.875071656573056,1.4111631075875397
-7.572004397152151,-7.41788787370559,1.492218571688135
1.495852971472364,-7.250441916701124,3.0749876847661133
-0.4843572511457337,-5.307108431473761,2.121565100855802
-1.370025980064632,-5.776388133561445,2.0227075506872425
-2.8596214133581315,-6.718627639304359,1.9219766710751178
-0.5507879318655258,-3.9950654708113653,1.6801672724148085
-4.008164259426777,-3.7493509310690114,1.0341023135508922
-7.6206222212744015,-5.060990148839502,1.69381688963839
-9.088348976605342,-5.707160732552358,1.9797901622556673
-2.4200311404466,-6.614784284616325,2.0027374748744586
4.337960152404458,-4.476138064501697,3.073448425746877
-10.273137696605701,-5.095169887203973,2.4211438473910563
-7.642602592180739,-4.706327683044624,1.7706094013531175
6.645651993835019,-3.3864371866780965,3.312765793953104
-5.211289648209981,-0.8641755977246244,1.9861614716506548
-0.46674677666073583,-2.4569026895240453,1.1846985997471093
2.87828301151032,0.5222996458505387,1.3076157549716523
-3.636835426309563,-2.3407556334800885,1.08900476348425
-2.4655962242273675,-2.0053098268220673,0.8948217880618493
-6.735500277132095,-3.41034109999448,1.7896899364900871
-0.3565545904700902,-3.0459682897265212,1.415380215064794
-2.4825802834252846,-4.791786675524229,1.400275288306416
-3.4050683329189195,-6.945963886059782,1.8562929579050063
2.9260856584272075,-3.497055833215649,2.5266474626739512
-4.242917026691387,-2.773169217913063,1.1713477789404578
3.2177397450330734,-2.6830434116178896,2.3889199557764638
-1.4113700259696198,-1.7765327361182042,0.8454419854071986
-2.5417681160551644,-1.6735752890440732,0.9400754902394343
1.9063686113747762,1.8128454323140522,0.8478217060431062
-2.6314420084477996,2.288844422810537,2.109912810415822
5.122629450597147,2.7468741996933814,1.4408743776170572
-4.720555410728841,4.379408888611877,3.1310297063249846
1.928144256587225,5.485114243804929,1.776073192231714
3.7520065833855782,5.535436813585343,1.3485316607780833
13.092764899737267,5.0958472795653424,3.0675864434982576
7.954956667940642,5.587965422414678,1.691720520611546
-1.7385762687113857,6.497004784888961,2.9640697147462003
-0.7226936317434198,5.206415320919498,2.414454198255657
3.1858288472144825,6.995496194605543,1.925565872432036
3.24162244942248,7.6528956129336905,2.1097017667594695
5.37462815543962,4.129754778841502,1.2484118484704887
-3.7537769678609907,4.818440271247284,3.0241304977745784
8.520087171244306,3.035486426761238,2.402391325495363
6.0815805100512375,3.5557902904258065,1.5513292356068729
9.310171256100464,1.7705839271489499,2.8697845894844902
-3.0910334760836546,2.589479991404146,2.3286053755813114
-2.3060175490935375,1.5285555352856175,1.7708891818967643
6.24592642776272,0.4554766444684697,2.4002070519733487
2.2433912257529163,0.581974841572146,1.0865217644039495
8.95574393030179,0.7446105944042666,2.995266676520927
-5.567950768782492,-0.47788742099056714,2.201299773332722
1.840980370171276,-0.7009078269204569,1.3408628890681207
-1.522320264861777,-1.7997733601074724,0.8431400421994748
-0.029916776245216603,0.3632646408170872,0.8037054682208313
2.8035556790271627,-0.1316725251741792,1.4859868634496944
5.420038974526074,0.794203746471476,2.0706277891766147
-6.725177809484629,-0.3622537372949364,2.5508552176861428
-2.7845060231247394,-2.070840022243445,0.9388806182865859
-4.60587168426282,-3.1104193229700323,1.2085273246620936
-4.6296015472806555,-3.874670201990698,1.1183333756028455
-4.924123845645595,-4.667324820665098,1.1411892520185942
-4.592733118367166,-5.125301754812437,1.1660694024679428
-7.7447968347534415,-3.222051295224139,2.1413087048313133
-1.916482688958159,-2.310999324521954,0.8803197307630947
-0.8088472640780489,-1.1523340747146436,0.8162502187603965
3.476473528219706,0.9266166163787106,1.3896283917371863
6.077907218642737,0.8450936685737708,2.2532800951685803
-0.37936729507097633,-0.6596541534105033,0.7995230092665128
-1.7587679940135077,0.4763059878524901,1.2410893235408476
6.01946410213123,0.37504776370346904,2.3578116943306444
-3.537829989148319,1.0432310655615666,2.0152768329892923
-3.555640884330364,0.7227632507329228,1.924318901687982
-3.9914755636986876,-0.5983087083453008,1.6645131046558737
0.5013027461039039,-1.9770347005160653,1.3221186423293125
-3.680834464947811,-4.015176069744729,1.03470490750631
0.3215069381938678,-3.5416824536406595,1.7965475141552483
-6.218945114347424,-3.552214037187271,1.5946618732465894
-2.917993281259197,-3.9692245705024827,1.079991080472971
-4.758291947170201,-3.646012237197864,1.166164579250748
-2.9632351687807685,-2.5114495071585003,0.9340493409241236
-6.009788427196084,-2.3939300413152758,1.8195167452377565
-2.001365542295878,-1.6874738118170651,0.8564350510596918
2.2163893423179912,-4.051379229765951,2.4889772187658874
0.486080592075103,-3.5830558751502783,1.8608849913246435
-4.427212910679181,-3.299212768794399,1.1343385702644233
5.8213724719451765,-5.673793082285532,3.561868737294001
-2.2519623833374585,-2.9450213138842787,0.9494209542699013
1.5936108610309674,-0.9090114994649858,1.3256177639339737
2.280722939604657,0.36577264577213386,1.1571458877278593
0.3139989157781451,1.2379719911888958,0.8885336356616206
8.306608905383774,0.41715370131294216,2.918633061642958
3.3029381097867967,1.100148206301843,1.2812077839318345
3.5018535237188795,3.4085683883924194,0.9834852060707611
8.147708365384668,6.928951254676781,1.576592904385867
0.16273395488789344,4.435689839566047,1.9416205037860388
4.281780814456707,1.4480337292698047,1.5106959271351792
3.6500234470127872,2.9523526437597187,1.0121984133767934
-1.7354291296912852,3.188680721987363,2.113465800967041
3.2616825901423585,1.616820843669659,1.1341191529808485
14.205791301960346,3.8249655060319494,3.477711154419226
6.8855812882720215,4.078785503450868,1.6800348229091464
5.727880451911642,3.4178140193829574,1.4735226032991267
-2.73125713368011,4.8775046412854435,2.816212079485087
10.115892147305086,4.5161274989002615,2.49933085244353
-3.9877944688231644,3.1216456575570017,2.697163195342428
6.62190527258401,5.4005519369099515,1.3893807306198553
1.6454752968215896,4.001899255409915,1.36127282828556
3.4978114676043006,2.364552993270082,1.0503969353353928
4.520433409588004,2.8960811010103327,1.2248691753959997
6.051686343885801,0.4021193401337566,2.3599065423573236
7.28349057419632,5.097794006934028,1.5935774440614974
2.343225345338702,0.6991814180510705,1.0859748652949943
4.706096943800023,2.6538531078403187,1.3320120305827798
-0.4913624504173053,3.1723816077453377,1.7266301159722963
-1.1443535525305801,2.927605281082223,1.851765207139221
3.5591345965203653,4.213312250147413,1.0664816449934864
7.2021232703838045,2.818286040242475,2.079771115539992
6.244255461302611,2.309073711663362,1.916488993605334
6.703938783144561,1.6639764474409235,2.224036235539628
2.9721895727330607,2.3840862367284186,0.942896468090271
6.209602975213513,3.748918859843446,1.5474575953592342
4.0685076836446115,4.1125849381369415,1.0521606750153456
5.810865970470852,2.3650232257101917,1.7631805341038818
-7.832032432910907,0.7725654923186409,3.054104048149098
7.695073046175055,0.28199672295266914,2.80752173151175
4.38719537440042,0.6449587600071697,1.7831144173248235
-0.6460325490250991,-1.1197880834635405,0.8247612732862392
3.328895749526575,-1.2649974085996663,2.016582161126073
-1.8444694316455967,-3.7796537169545426,1.2373841611493794
3.7355427143394473,0.11905549368670298,1.7249727357363192
1.3193379680811388,0.23264249803273226,0.9216193008464144
1.180748410100585,-0.5371863973264709,1.077051688426985
-7.770488784081891,-0.41683708146907256,2.7962695531460895
4.851064280526614,0.9612985341145701,1.8428404658751254
-3.0726503864083616,1.419810326117413,1.9833316345182808
15.247875754992457,1.1494986009304295,3.9995546880105954
8.560056113793788,1.2239537421553404,2.809758762877962
-2.3714793732021198,2.278789502618856,2.0281982264729033
1.954130749134344,2.612168928824425,0.9206047219270018
8.191242289329159,2.1340903128672006,2.5203092846891364
-2.1993169386253077,3.2884458845134574,2.2757061698880308
2.6060883376429045,4.437968083151013,1.2610646828186083
2.0105959499075015,7.3804347120239875,2.330662257813155
-0.3809785880337362,8.23377176150688,3.0617160756416246
4.329443384277243,9.865270603140225,2.4740385203655095
1.8238337103668723,8.367491402895624,2.634585837211168
1.4719629999177641,6.36178166798854,2.173079982823273
11.843403760817097,6.05325575578774,2.623102256052293
-2.301055843079686,5.67669223292156,2.9024709929516592
-1.948057064295944,3.655705967993756,2.3099324808198483
-9.603242286162203,2.749166020562305,3.7089106126806963
-2.818863975788071,3.1591266683936463,2.4095807854952924
4.000591949649898,1.9078367891059838,1.2914464837825832
-0.44433573567683293,1.5935655293289965,1.1772729542076255
5.4809100065890215,2.78968645667618,1.5451644207639772
0.32143822443670444,3.619612848491208,1.6231142793357818
6.076967007615828,2.170854098356079,1.9004253403327482
4.444961168245204,0.03737722942718791,1.9812299120584373
-8.084286715529785,-0.6559953181403358,2.8185682351197165
-7.192152817413653,-0.7912592564471269,2.570644804559752
-2.5350825539696404,-3.703119128089229,1.0730458154673812
-2.9316710944378594,-5.667811888264291,1.569692727403575
-6.287178680917695,-6.597588183945424,1.355398065677127
-6.944437569303856,-4.375868264971108,1.634115713674168
-5.265895935098714,0.028875653355511233,2.2488634990485594
-7.032921265667588,-0.8674906391060349,2.511332926857449
1.6108242079822253,-1.6887832479913265,1.5924864243310983
-3.2943517572959737,-0.16762106299926804,1.5598289985830502
6.735933562625059,1.6391152299439353,2.2396290507724226
2.768108400765506,2.2384962219070133,0.9222039925413397
-0.41699255251091705,0.4783883773467301,0.8731778776907567
2.062915253777671,0.44210812659222126,1.0693719737818475
1.9172376191815836,1.670509681883911,0.8492880608425177
0.6703299904465423,0.21716671578140567,0.8123778457608806
4.656296245608515,0.7893279488271758,1.8292082550370066
-0.4446112682397403,-0.9876663144812318,0.8278027026995595
-7.474790742770934,-1.5512271036149943,2.4664783291518226
-3.311293306411076,-1.722588282614879,1.1244227589767128
-8.333029311075297,-0.7714413588839554,2.851709508974929
-0.6830267913910286,4.415305229720236,2.178335083971019
-3.3782528059581525,4.385453480215994,2.849142975745323
5.127564076233119,8.383873501022762,1.8976979684693085
5.433297192836919,6.440820378317849,1.3500883128658068
3.408335146747184,4.436677412730146,1.1229334362972814
4.761996273512489,5.835384111636911,1.2823575137376206
3.767216782037898,5.115378769169368,1.2347252645353466
5.075620508932694,5.249624351082296,1.1840924729733444
2.419193842535937,4.832805563139357,1.4294350544298244
10.32636543870522,6.327084665102024,2.1934373551790474
-0.9524125713936225,4.415852231511136,2.253244067909705
5.986250738873073,4.127633342926964,1.4062354472409393
-2.9950174078721004,3.503836268094049,2.5459553012610656
-0.06606812113919824,3.498403588109952,1.7026035565235687
-3.0272672942161343,3.331733183839315,2.509940061823492
4.162360187655302,5.526144385893871,1.2802924804828082
0.5021532319625366,5.019236553119938,2.0281366244542487
9.734567839946578,8.61217984043939,1.7707084417505277
5.00121267544986,6.690648323694807,1.4526877518781436
2.2510112211501947,7.165039458612529,2.2102046665795902
2.8839933067184353,6.985376575431554,1.9978822632322457
5.473888623799139,7.904074913476792,1.6974843600889606
5.111180063301605,5.960327703295717,1.2809587211725721
1.631262631048035,3.6391934733549647,1.2469654596975124
-0.9706437755611241,0.9766552693075097,1.1448714865168994
-1.465454825345927,1.2631805950048107,1.400151837674992
0.57833355918808,1.5584481719456789,0.9082014246684196
2.970877904680156,4.526437367407565,1.2122630816754565
-1.1410263596517911,4.5173981303965105,2.333355255758973
0.38084933992195813,4.463959227700947,1.8865713540366678
2.7901041467379137,4.737209239474412,1.3106147576883216
2.0686239510905895,4.028289566517022,1.2601186088264322
1.6426849577779248,1.013260752961509,0.8601977125283211
-3.3442194042479505,-0.7541137049313014,1.396038979957534
2.2165652270614062,0.23318884806216345,1.1748021060263278
1.6913109418569823,0.3902388217484667,0.9785401759732356
-1.2496487102649692,3.4534814798891547,2.0505881277152365
4.190380313924113,1.406364012042182,1.4917722076485525
-5.902082962607134,2.8990598224719872,3.0749709893477006
-2.378994121510171,-0.3649588729214943,1.1888858845698578
-12.076633937032208,-4.326742062363753,2.9907175830761363
-3.1435844569828997,-4.2439423326806,1.1126782860986324
-0.5806802229938217,-2.828106221668447,1.273398004962584
-13.85143111630339,-3.586678600622554,3.4524038793774743
-9.257284910364708,-5.936245838619486,1.9823526491291048
3.4209225252342748,-3.334978150680909,2.610412831900987
-2.192086876896051,-4.5211361486102,1.3865031003839505
5.171045336098562,-5.27256439685452,3.3830806912318154
3.647126785052234,-4.8666287830874095,3.0120938943586113
-5.171749650629465,-5.523681018190218,1.214595209258041
-8.689068404911195,-3.908702513771771,2.2506659835909093
-9.384238319136404,-5.201728735979651,2.162736041397756
-3.5664282588154714,-3.2074313371260983,0.9877236389535264
-0.2665978570344789,-1.8636150459446157,1.056761233014542
-3.9300160950420935,-1.7859641523397496,1.3001937786643905
1.5348415974021634,-2.1049637659903553,1.7064448240659547
1.1144984867963705,-0.36656012262843407,1.0108812170841939
0.7315750112693591,0.5789833040648469,0.7961731853355541
-0.358235511549406,1.588889892886124,1.1496263970866079
9.0784838754989,1.3165764621757807,2.9088891506057077
2.0395277494102526,-0.053924445616036154,1.202703652534012
0.37038007529966777,0.639318318769345,0.7985519814176073
-5.309401162399654,-0.8021352244774019,2.034236794369493
-1.9124233076600128,-0.9855218154478762,0.9134110841529468
-6.21415787069004,-1.9621212317231456,1.99911410600875
-11.018184905268061,-3.6574511455876753,2.8844032644881454
-1.6379879427053243,-3.219743324129842,1.116945482319984
-0.7895787968701478,-6.059355481253823,2.2623628525505204
-1.873979970586421,-6.4830153789053275,2.1045291182476613
-8.094886103396146,-6.274580428610124,1.626734982725703
-4.963242241672479,-7.510295569249545,1.6811640533905494
-1.643526824682494,-6.802482900965028,2.2577029437411977
-2.7747016930044226,-6.9676825734785375,2.020017447634836
-7.661372574838675,-7.773597885099968,1.5216063178148416
-5.167045551895757,-7.462664485473968,1.630535017437788
-2.0988259955797255,-6.7881789888088955,2.1378684835998776
-1.76347520206207,-4.745102355702954,1.5769528856765147
-3.6756235925214087,-4.845949497021343,1.1825340914303677
-4.1409234475203505,-3.6771953859602786,1.0504839917913116
1.0357391861862224,-2.366549158232357,1.6303469527717573
3.1169908697255435,-4.0516235860202485,2.711380480873653
-8.66464342061081,-4.440552700423652,2.1249215953287703
-1.0135370140759252,-0.9238378626010735,0.8036099242974984
-3.2071960975718854,-0.15943684576262196,1.5324694065597206
7.3590729912239,0.1907212953595621,2.74793442673522
-8.753137855821779,-0.8335669774010226,2.9334841196797075
-7.385877182498492,2.2275696466963684,3.24121308564042
-0.27888551057597155,0.9938132035702332,0.9570853992098863
-0.10610252241985085,-0.5609251280273464,0.8110230751466037
5.971516082914453,0.6160287018067107,2.2822101788084153
-4.4686200293577825,1.2715292894089945,2.3545688403595784
2.8379816013188996,3.033681670970493,0.9354589257770706
2.4280923305510878,2.0843090617384945,0.8867416997517946
-0.7758855555569277,1.4465250032685018,1.2335272944619202
1.198420158856553,0.2586307161478323,0.8903880572853435
4.0844684645183,0.7566690422926503,1.6480761781182427
-0.6131585832516362,2.3451543215335224,1.484315790756869
5.636576195603041,2.5258905065245214,1.663811275497455
2.790624643882912,0.9051028253614704,1.169203061080074
4.815263076376185,2.0622712415939217,1.5177149974870272
6.683807729805949,2.0585237171014326,2.117055245969354
10.000879450113722,0.7694221291628005,3.205141491664593
2.332682105130851,-0.970472606079531,1.597427614994453
-8.853078080552038,-1.2841951427031846,2.8646940047137717
-3.991848860988112,-1.7853697305888638,1.3204066282205427
3.5530977093781164,-1.8064829448429043,2.24132934952545
8.534999776442117,0.11499952973595162,3.028507726986081
3.8139011591136285,0.2870901750365368,1.69961201813748
-7.304092002485484,-4.495132234104198,1.7153866567240093
-1.570383756095909,-2.8132157774154414,1.019699336117166
-4.436885735333869,-1.268711815623797,1.6152039992188583
-5.907414287774662,-0.6093291678164063,2.265521622202196
1.972354842754689,2.094466194049592,0.8600005154381326
-3.6477931361001388,-1.1965045894122694,1.3688734626403616
-5.228946375241538,-0.5466222001275992,2.0805229101262395
8.628105125470077,0.6365464200278634,2.9454192407116846
-4.998056889633441,-2.939412258441793,1.3567580206872394
-2.1774522786056516,-0.5772494363506331,1.0681839680811829
-0.48943500761570613,-0.9017479451957073,0.8135481963105925
-8.940868368035662,-1.4157784462122234,2.857813539063125
4.4449448474905395,-2.3399776715694034,2.6208312424464713
-7.200703550799966,-4.017865400914745,1.7892933221391691
-4.553392291903464,-3.887997892287374,1.1043630187984
-7.704278264363846,-5.254659676310268,1.6814873400281605
-3.3986669588824703,-4.428486451941933,1.1222699382343846
-3.0232087900354316,-3.8183449132890614,1.0367981302968186
-1.2805153366787552,-4.14237906583972,1.5119766974021331
-3.079105748602829,-6.301621377522974,1.7352201475216378
-4.238330873594716,-6.740788059129212,1.6024187958775518
-3.0382474647167412,-6.858940358028174,1.920300810964656
-8.631713084872606,-6.143246618779889,1.7792067564618208
-8.228977004416722,-6.153754313625868,1.6750965600987557
3.6183823438417475,-7.144021253857958,3.4428407309372524
2.5439145508398973,-8.497893546308461,3.497383661068037
-5.272953519121269,-7.466792638366534,1.6134872278076184
2.104339398017715,-5.9269432576974985,2.9159064039237372
-1.1658068528705083,-7.030697265853059,2.439308115529894
-3.6359890737823974,-7.200277683594236,1.878598854557403
-2.204196175694774,-6.3827952455523524,1.9874058200732876
-7.113773308643638,-5.125934764237733,1.5433032038346504
-6.628729277648527,-5.68826591999075,1.3692105913731316
-7.221186617862923,-8.915772347459654,1.7076463297440658
-5.273245919707147,-8.801507312688312,1.9861176941702683
-0.7591268182002908,-9.210455011934348,3.046625294741128
-9.7141151489579,-8.739263975190996,1.7641997477302556
-6.47966213352722,-8.996560616419469,1.8201643668421392
3.308096991971305,-8.229005541331219,3.575497432816492
-11.75944826553839,-9.92670902838567,2.045971523053367
-1.2619228266432136,-9.718446066162105,3.0576701558727444
2.446966991075165,-6.40734321142898,3.0887941036859456
-12.578590435940129,-3.4756879045027493,3.2381744403609023
-1.0996223079444198,-1.4299058286091615,0.826497617319107
-4.476418116800473,-1.5129075629582627,1.557799864826462
-3.878858536734186,-2.329696040059311,1.1567180993391977
-11.995225258387295,-1.2435364736312873,3.4918419926620983
6.685373414048113,0.44946758563793954,2.519689140678158
-5.491176624571343,-0.4379431568587572,2.1893470214199335
0.5640800212723969,-0.679384501632261,0.9480714285195503
-5.099085057390745,-1.0639983700264433,1.8937685099259607
-2.0805152211667703,-0.7016325580693726,1.010428076936349
-1.046313532908283,-0.758075627900219,0.8097616482372377
-0.6125625675648454,-1.6720053735215221,0.9269699274702857
2.4746641918236123,0.9189778429878972,1.0696131314163453
-1.0564861150119738,0.5860872253480466,1.0545797042417373
11.898521929097983,2.700830719935422,3.2376911278719436
-1.4526616607494809,4.450128221539527,2.3974064205323384
-2.868554881576502,1.3197757516054618,1.8876087951720502
0.11177228246106674,2.381643065790601,1.2653387965381238
5.711816788336917,1.882793896667387,1.861935036945279
4.796185737658499,0.8552040903337482,1.8557134349844635
1.6711667943857371,1.6138483151225358,0.8341163841192664
3.254222681051353,0.13090681878101607,1.5575992681008788
4.022979716189985,1.5451799426370132,1.3959874143511015
-1.391823205072323,-2.497579467285309,0.9749341140701038
-6.590414255997308,-1.8852553983699762,2.133816499976723
1.9540345929440999,0.5939467552879294,1.0011558620609946
4.541626686691896,0.5821279934280288,1.8525377856637084
-3.08390937758578,-0.7386513299409075,1.312438518620046
-4.5954174567031245,-4.29255981230397,1.1009215769825502
-5.406519944755319,-2.7442814645057454,1.532616877172087
-5.612512140295562,-2.7289532483752614,1.6031325155115652
-7.379928936281946,-2.897206631424556,2.1131106656880623
-1.428097316290092,0.2809974556909052,1.077543015035195
-1.034927581332652,-0.19408578476093996,0.8695773559641332
-9.685982059151486,-1.7180531470702405,2.9635466674028375
-5.436479322564438,-0.3915503447834541,2.185661333139631
2.730876058264103,2.0159069340952627,0.9349784173362672
-7.8606025860503905,2.5140771668134514,3.3805997704277195
2.0193667322862776,4.782466439932069,1.518500247050949
3.026716208412698,4.981150847429059,1.3324337793773546
-8.127590243446502,5.800582525197532,3.92684644536065
0.45834531554194236,6.794232241192517,2.545994566510578
-0.3482549118776346,7.902440752242853,2.984832878128093
8.342893591310862,6.275904621938141,1.686259544716338
4.152154397022125,4.328095229066473,1.0719016869538471
5.16404033308187,3.2996813900209667,1.32955156195652
5.879651508349141,4.645899609047085,1.3035788301097206
5.752829123525175,4.5549240631621455,1.2851708770455756
6.594663411035119,4.883623672185687,1.4453810417143778
5.576567258207707,2.1434880981039144,1.7468570185480305
-6.897970838933151,1.2955058056195332,2.959648245896624
-3.675803762710329,1.0725219117784877,2.066668275308089
3.9000788036491794,2.7016190291937345,1.0949202760009231
11.666338918277697,1.3712292718962058,3.414151325324797
-6.47718090000345,0.19421402739026195,2.6185395638763995
-3.4954873643283944,-1.7309860342093364,1.17729106989078
-3.1770613470800395,-3.6644647325083977,1.0011828640749323
-4.475446775944312,-4.337499827051781,1.0904058414484945
0.5948065678204868,-3.583200632201616,1.8942084727176638
-7.435890013780806,-3.558932190612172,1.9685945341723827
-2.050532669232914,-1.5396857443828535,0.8705322439444586
-5.876283447651482,-3.0996050339692345,1.594769916708571
-4.907205371342613,-4.570101340878108,1.138040348849289
4.46798447330033,-3.7704219998432382,2.9531767471797306
-3.986381166642191,-4.854844190642983,1.1519234706285866
-2.0620976462832368,-3.419696134120054,1.0836045088215505
-3.9232484941307506,-0.49637982075657394,1.672456307516985
-3.577495119745765,-3.6148836990967794,0.9975744132176885
-1.0468873261837002,-5.552939373206581,2.0419664361700254
-3.8789376971647744,-1.4849437801148264,1.3647023592119618
-8.536628772292506,-0.3893003331830691,2.9747898059683777
2.1170281082436935,3.144274742786126,1.006009224287134
6.684587635301924,5.590674329698332,1.3863008425800112
4.847293469063626,5.01236491316974,1.15467264727085
8.30549506923882,6.735674328020063,1.623832972815489
0.9394852002811267,8.572658049722772,2.871595720169908
9.76051863132626,7.235892870065859,1.8985575956238958
2.6094929215218166,5.551423238263636,1.6141841921270648
4.5764246169691685,2.535490174089606,1.3194038636591392
-8.661258551572239,-0.3587687543329161,3.007684901298623
-13.636117545291931,-0.7260956978900692,3.826986582393789
-2.0601140815863936,-0.5109360974911523,1.0508687844264553
-3.1485834517792943,0.4522432116155591,1.7062441461637665
-4.899995343873925,-0.21437473469160162,2.072463718081465
4.69915040490917,1.8623831165908182,1.5339367291167956
7.853413617840549,2.291890839672388,2.393882661317614
4.172884281990597,-0.41702225287418315,2.028400752029061
4.4623494098598515,1.527251590585141,1.548943849206572
7.945329376054942,4.50552353822149,1.9024577958236712
-2.257897683327303,3.7079921291576525,2.4081184589058546
-4.357711169154888,4.274109568409742,3.035971505649639
-0.32463809353774664,3.378023616635268,1.7430420385424652
0.6445848538621295,6.3110873282215465,2.3707268126966143
7.164501279397213,6.246448732817191,1.4358662921676149
10.158636401886678,7.645077933115521,1.9377714434566953
3.137947339874056,6.341755884805277,1.7332098787169097
7.313933649373234,5.659268703291044,1.5176652395123857
4.391635624634516,6.110785505438033,1.3952346168919973
-2.9465665355457045,3.967074800481534,2.6500020234066497
-8.714013379363363,3.563750456204299,3.692502061168815
1.420069790743523,2.5240287828133217,0.9761750448717663
6.955948933511511,1.157025125370278,2.4211790528064725
1.3017076623896318,0.9065108302833171,0.8249870459516873
6.779268912928689,0.4200588710906247,2.551180779296361
-7.873943530249521,-0.3291563256891769,2.838955985001172
1.3333625825761413,-0.8170382091639685,1.2097855523205652
-0.3597825537899748,-1.4568781176871726,0.9274090978611638
1.9917972842002811,-0.5293092577347788,1.336165400214282
-3.1661376484187524,-0.06834666780597348,1.5470815229751804
1.1932620947523254,1.1357901528270644,0.8105365309694602
-0.8537488633518113,1.722718098151641,1.350962569645569
2.831328643966307,1.1055657603991398,1.1293353128988286
1.2630012352726128,1.0811039699004958,0.8141533402351113
-3.253581696879737,-0.11580050686134091,1.5621343005093524
-4.130679793052237,-1.9373785899834135,1.3257212075185931
-9.771516081334141,-2.5186823159359184,2.8246730354729523
-1.4335737764273995,-2.36913948784763,0.9390188266324313
0.35129410481625234,0.9991409547940084,0.8403625451078387
1.4231467396304165,1.794854325519565,0.8467866113037253
6.018935282534976,2.6868155264620373,1.7453141013815898
-3.995046320836485,0.2825754969507632,1.932445663042673
-2.752103519385057,-3.436280583018123,0.9910379629978593
-2.376688761536242,-2.3152931258142315,0.881754390812061
-3.046281231996307,-0.418245075238181,1.3964220817902238
-4.314848700164917,-0.8744103334698041,1.6905536284851272
2.572572731045148,-4.059322654392185,2.5810995563121972
0.8503871708736197,-2.8154565888953647,1.7213837453846295
-6.340520631113106,-2.3615516112813686,1.9328760025855567
-2.4484013299194167,-1.2471470376472258,0.990049439465563
0.15787250155232524,-2.2839003939497196,1.3163566095567796
-0.0572318660105946,-2.9062072487231134,1.4611765483708812
-3.7959021668719375,-2.1498347813827254,1.170916243366399
-4.287484453622909,-2.2408084833502318,1.2994967343709887
2.2102273388908547,-0.5378453132610386,1.4134201634333141
-4.353192302275163,-0.47831130111948233,1.8215049444596765
-0.12511600051321237,-1.4828650892628579,0.9861042388922844
5.516929778981149,-1.9332144392021262,2.784927050860062
-7.594842073558997,-2.0910001656419133,2.3707359678232356
1.0379926379453188,-2.90851157067915,1.812012331874713
-3.2731169974407814,-3.2299632079023866,0.9621852283065023
-1.7131363986125105,-3.2463787682228515,1.1078097720705016
-4.747304587996627,-6.465999432338823,1.43267773732198
1.4140892728724435,-7.833833579816666,3.1775201139789635
-4.092596691134972,-8.185579936691344,2.065559119968537
-6.9139813134519965,-9.089714088259445,1.7814868401064352
-5.88798516594976,-8.92537355960911,1.9013358576314143
-5.783410042948562,-5.70445024237723,1.257128222513764
1.10551162885237,-4.038861519810139,2.185627925540352
-7.849522058775592,-5.325382276528291,1.7088569548004582
-5.568074930839661,-3.647782471752868,1.3775676038845104
0.8230572612042915,-1.6434924931184203,1.3141917966317829
-9.655662153580746,-4.352998970171299,2.4146655761170823
-0.19252211777480754,-5.329723653192071,2.207912333717133
-5.087758563702836,-2.8152507064231163,1.4133481664294112
-5.461424493985014,-2.6341349858632,1.5785283161969355
-3.489151920387126,-0.7344809859904802,1.451493801599177
1.8652743438841914,1.7451896113550354,0.8450109767126486
-5.0961077120751685,2.8563827705667624,2.8934079041387877
1.2829430317769313,5.078103603806589,1.8244660414340905
-0.4141780605014942,1.8948142444677831,1.2666174036199045
6.897300240848241,3.315957893527298,1.8630956854947816
7.814985950276745,3.212763152551235,2.163928584285758
4.808761542366146,4.2658217162029395,1.128565935169142
-4.097151549517429,6.129612342853403,3.3457561166470886
-2.015003229137994,3.8591580553391767,2.384579330765316
8.698830570417776,3.735532001319017,2.2924095654604613
6.927379585462933,5.477252640829796,1.4489192935381223
2.591645209865292,7.038631933014875,2.0875819299113028
6.489122942169908,3.051048433489748,1.8015912391530184
-1.32833668597522,5.597549560056287,2.665023043779364
5.5227475441515885,5.808948480600005,1.2523614235344762
5.096904097476537,6.435226041383711,1.3791993621774539
5.198531571344267,6.420157213308483,1.3653452977481793
8.279962851318661,5.095607819142698,1.8745878215618041
6.950823518642165,2.7165034645465496,2.0295922664202326
7.253081649185102,0.9643138928349835,2.5460369986875517
1.4087433570889758,1.9836513645906506,0.8720282450317517
4.703642083322906,2.0251998121108463,1.4907287352510452
-0.8394557815142152,2.074458607461113,1.4660340311491282
4.16484683665632,2.069869108675611,1.302910994614106
5.365293247447243,0.9576951220051708,2.0082913328720258
-10.030688219139673,-0.4769879282469107,3.2625655247090077
-3.5372307225215787,0.5833548092001481,1.875810117897022
-2.731776901367322,2.002588176641962,2.0544972687582357
1.8038104135925859,0.32164194969641935,1.0254769558500771
1.2845385777740201,-0.5137753419415774,1.101430906265553
0.5886633767616867,2.8637228813145654,1.282933907573208
-0.04758570455827904,0.17166226343870017,0.7912784458031008
3.3201770995815183,1.6018190370738319,1.1551478873736127
-1.260073551363329,-0.2342227975652147,0.9080429888937931
3.0877088301098996,1.2035772359333958,1.1834689628464334
-0.5401391502505986,0.3556513818206207,0.8733808548645029
7.770599185031496,0.30067759699971813,2.8211068854050496
-4.2613177298211715,2.6085554369911357,2.6404955339587293
2.254264205260206,1.4027515277180294,0.9199041490131902
-0.8808639534241456,2.457295075927056,1.6103817788392731
-1.3299125405011374,0.1819183976458092,1.0219583188696593
-5.473153759235861,-2.6767413798440827,1.5713688416959013
-11.838162216191638,-0.12302533508285451,3.6358966252383778
0.3435496110621563,0.9847384833627001,0.8391798848483063
-7.2704541942930305,0.03532908360949705,2.776402158239904
5.18965346579434,0.1533632330173251,2.177087274276125
3.7783303715504957,0.8742673123335442,1.5082699286736196
0.6078609729052475,-2.412394819840073,1.5056524823966777
-4.480695957063407,-2.921908534682249,1.208806266039559
3.592541181754081,-5.868389540449724,3.203686698844086
-6.4581051521861905,-7.557866123143263,1.4953475890916479
-5.823679256814842,-7.38444536909021,1.5145967754660834
1.7480958156445148,-8.150981350529984,3.2996055112864466
-10.49426626421966,-6.417486120338641,2.220197723910608
-4.584662266503975,-4.8903056020878255,1.1362767934935474
-0.40117199470867204,-4.073097609240346,1.7518041298416105
-2.557731912248142,-5.312542303020535,1.5498367328978688
-9.17184994951321,-4.821002081576379,2.1843095535048014
-14.383052502007219,-3.3815243738540044,3.572577380307196
-6.5136426001415195,-6.062463485152504,1.3419554796802926
1.4304637103882945,-4.0856143653385315,2.289633721604193
0.17994668957303794,-4.8500077312193195,2.1675953635617833
-3.784214119917502,-3.751569428407302,1.0160240383533543
-6.014446041917545,-2.0898214637059493,1.9023321012958845
-8.446816370026456,-0.7049801974614089,2.8912382944350496
4.236017567267199,1.461779705381564,1.491282928631498
8.60563845289054,1.8862725943497471,2.679809502880888
-4.26926679417406,-1.5810423758128216,1.4685521339164382
1.5871821243645705,-2.0992519546748483,1.7217151509992132
9.710220847520736,0.13736078916884287,3.260927329390388
-6.504868091459528,-0.9902083299490165,2.3378241938581117
-4.67136826402517,-1.4411606333824007,1.64407780584037
-1.6949409218170537,-0.8180427390057154,0.895856266003357
-0.246955365179776,-0.09675907081343704,0.7888504243008754
7.130711070066325,0.5552195445263441,2.6096322909875025
-1.654638855689492,0.2613445593229776,1.1414177817618618
-5.873269795600415,-2.5037894479338005,1.746438559297897
4.575485748983635,-3.8939134939911364,3.0022792986570295
-2.8867582557911353,-4.621525473537464,1.255656308270707
-7.245855228250185,-6.700614758338602,1.4382713054790373
-0.18690292071907688,-7.801697826011049,2.852352346594821
-3.6898849858801652,-8.305938317963891,2.1927734235573255
-12.615536276255968,-7.427263725521003,2.560379324371089
-1.5268755327039716,-7.19070148785377,2.395504816700477
-0.9987583535358175,-8.07010756882564,2.741967259653587
-6.31437548792208,-4.810163444004809,1.3856093554402003
2.813986459293985,-4.467954625820082,2.7394239496046358
-3.7694608908271223,-3.1388466625929463,1.0191034215273373
4.740469625770213,-1.5989310944160666,2.5128246891574673
-7.600945325665369,-1.4652074904926031,2.519937085331715
-0.03132673136910524,1.2905989038603802,0.9733412728448736
4.09816038211043,2.37854506614208,1.2097928726676386
9.041245740286346,2.339367221131249,2.689072676135419
3.4396338045341945,-0.10790886069733441,1.6958563933007016
-7.873813468062864,-0.6443906963478689,2.7716995900601535
5.984913886753965,0.4796725357802277,2.321296256433578
-0.5658057712428923,-0.2720524995493223,0.7986941460285258
-2.2701413288641996,-0.28226525233842753,1.177763645437226
-0.7759641237838251,-0.20412894700179846,0.8265403961936695
2.196006622193102,0.9541229718776836,0.9853859918940442
12.80360293956618,1.2541388697800886,3.624814818152085
7.076078298307722,0.9209141599292676,2.510011702447628
-8.59181361413506,-0.9205288483960012,2.8798186505169037
-3.916563214904614,-0.9076930741908729,1.5454545760617415
12.417234848080765,1.2658194611562217,3.5597617302793267
-1.2600166571588574,0.0832438439164287,0.9779421839720868
-1.150266090422109,-0.5442353013594307,0.8392262848794966
7.475459225658899,0.43069838589661313,2.723022940562027
12.523466961980532,0.3718353932202958,3.7080070854366216
-2.523628165401484,2.712732345913995,2.202684007248669
-2.5606543152864614,3.2506997536680413,2.3647863008554633
6.847859961220583,2.323089664566206,2.0984464872538466
3.621356440570008,0.35647045666603216,1.6128610414377123
6.868060565229685,3.5074710936442934,1.8072965994613124
0.2657397063986173,2.9278164140795253,1.4030764727007285
-1.2012975215925454,3.3780709862707274,2.0127782571844066
2.9923206864791467,3.2754824802831557,0.9581780781399791
-6.738986435005465,5.379909665598229,3.6617504004999293
-0.1263159290287419,8.847558720368037,3.1392805646037014
3.122680976140549,9.02620970655077,2.516317465659847
0.9421453758489342,9.48286355771184,3.0688348926244866
15.898237536208468,8.488002249230544,3.085062218418658
3.379389480324056,9.348564837341856,2.5433182839383637
5.614515622288476,7.09133334899889,1.4710208702833982
5.003288538499383,4.458403762521127,1.151680542573965
1.3381090613229685,5.90479773063081,2.070943298857046
5.413785223724412,5.292173561372758,1.2071427747485202
1.285009879881481,6.392641203952347,2.230603632989269
0.5049777469052854,6.509039857966711,2.4594348701876063
2.4639432532794787,6.222987051794668,1.8689170857684492
2.1765480838591587,4.484837156690265,1.3787242618227333
3.229020389021565,2.8585682398706016,0.9551036059629103
-3.0984559091093464,5.633532492301272,3.0596556966296586
-3.180784469849656,7.72038081977342,3.4691355642997173
-0.07294030225470038,10.307782734003654,3.4072263862240915
5.65391773759656,7.827085021003972,1.6471348011137934
5.045189666291466,6.308510874577665,1.356377290500442
10.351889564967767,6.474641924474092,2.1728895021371177
5.515692496550088,5.516980190567069,1.227076701000441
-2.5468596426300047,3.862735308367068,2.5242944907555094
-3.832647409190449,3.4400662052532796,2.7355794897546266
5.89822754555139,4.335242313428691,1.3485960103605088
1.9676664350615,6.203244832859275,1.9942529728076572
3.771812896946193,3.1748746488478665,1.0172909759279294
2.1896533346259854,3.2928632324329565,1.0292235107927488
1.3688081714670037,5.569574541128691,1.9582712707064083
9.687448040118745,4.01649615642277,2.494192441815211
4.687435494555862,2.0434779858197043,1.480404633275182
4.7624108053575664,2.2811196444346145,1.4420503151435289
2.2490144739237046,4.098420693699659,1.238959264600905
4.86945849807804,4.120644945014441,1.1450007826508422
-5.68521632705419,5.968115370206689,3.5875352791806185
0.7144355718763382,5.460656008834843,2.104989087751737
-1.2069114225434472,3.619489211227281,2.088870061669168
0.8993785204559104,3.8889425079012954,1.5385211573801674
-3.0947299874893703,1.9787945781125291,2.1565946686032333
0.6721723567979514,3.7913309673492144,1.5739267926108582
4.724201405029026,5.7978036281362755,1.2779641946694116
0.916174469949488,3.6612712669969985,1.4556951789442492
4.890998054921477,5.122870183223959,1.1663520941809389
2.682452936842704,3.69222113680179,1.049182671519919
